modelo,cv_f1,accuracy,precision,recall,f1,roc_auc
KNN,0.24986316365626712,0.43333333333333335,0.3333333333333333,0.8888888888888888,0.48484848484848486,0.47089947089947093
LogisticRegression,0.4028490028490028,0.43333333333333335,0.25,0.4444444444444444,0.32,0.380952380952381
GaussianNB,0.27762722071665163,0.3,0.22727272727272727,0.5555555555555556,0.3225806451612903,0.36507936507936506
